food,cal,calFromFat,totFat,totFatDV,totCarb,totCarbDV,satFat,satFatDV,dietaryFiber,dietaryFiberDV,transFat,transFatDV,sugars,sugarsDV,cholesterol,cholesterolDV,protein,proteinDV,sodium,sodiumDV,allergens,price
Avocado Toast ,494,244,27.1,71,51.5,,6.1,31,6.1,20,0,,7.3,6,6.6,,17.9,,810.1,35,"Vegetarian, Wellness, Contains Dairy, Contains Soy, Contains Wheat, Contains Gluten, Sustainability, Vegetarian, Wellness, Contains Dairy, Contains Soy, Contains Wheat, Sustainability, ",$4.00
Ham Bobcat Sandwich ,465,205,22.7,60,32.9,,11.1,55,2.7,9,0,,5.2,4,238.9,,28.1,,1288.6,56,"Contains Dairy, Contains Soy, Contains Wheat, Contains Eggs, Contains Gluten, Contains Dairy, Contains Soy, Contains Wheat, Contains Eggs, ",$5.25
Beef Mushroom Blended ,108,69,7.6,20,1.3,,3.2,16,0,0,0.3,,0.6,0,28.5,,7.6,,28.5,1,,
Chipotle Black Bean ,150,54,6,16,18,,0,0,0,0,0,,2,2,0,,5,,380,17,"Vegan, Wellness, Contains Soy, Contains Wheat, Contains Gluten, Sustainability, Vegan, Wellness, Contains Soy, Contains Wheat, Sustainability, ",
Marinated Chicken Breast ,221,68,7.5,20,0.3,,1.4,7,0.1,0,0,,0,0,96.6,,35.3,,190.4,8,"Wellness, Wellness, ",$1.00
Turkey Burger ,175,79,8.8,23,1.5,,2.2,11,0,0,0,,0,0,95,,21.9,,467.8,20,,
American Cheese ,52,40,4.4,12,0,,2.6,13,0,0,,,0,0,14.7,,2.9,,228.4,10,"Vegetarian, Contains Dairy, Contains Soy, Sustainability, Vegetarian, Contains Dairy, Contains Soy, Sustainability, ",$1.00
Avocado ,47,39,4.4,11,2.4,,0.6,3,1.9,6,0,,0.1,0,0,,0.6,,2.3,0,"Vegan, Wellness, Sustainability, Vegan, Wellness, Sustainability, ",$1.25
Bacon (1) ,134,95,10.6,28,0.3,,3.5,17,0,0,0,,0,0,26.1,,8.7,,535.6,23,,$1.75
Cheddar Cheese ,90,68,7.5,20,0,,4.5,23,0,0,0,,0,0,22.5,,4.5,,135,6,"Vegetarian, Contains Dairy, Sustainability, Vegetarian, Contains Dairy, Sustainability, ",$1.00
Fried Egg ,70,47,5.2,14,0.5,,1.4,7,0,0,0,,0.5,0,194.1,,6,,135.2,6,"Vegetarian, Wellness, Contains Eggs, Sustainability, Vegetarian, Wellness, Contains Eggs, Sustainability, ",$1.25
Marinated Chicken Breast ,221,68,7.5,20,0.3,,1.4,7,0.1,0,0,,0,0,96.6,,35.3,,190.4,8,"Wellness, Wellness, ",$5.50
Pepper Jack Cheese ,84,62,6.8,18,0.8,,3.8,19,0,0,,,0,0,22.8,,4.6,,129.2,6,"Vegetarian, Contains Dairy, Contains Soy, Sustainability, Vegetarian, Contains Dairy, Contains Soy, Sustainability, ",$1.00
Crispy Chicken Sandwich ,718,497,55.1,145,46.9,,14.5,73,0.6,2,0.1,,8.5,7,77.2,,9,,859.5,37,"Contains Dairy, Contains Soy, Contains Wheat, Contains Eggs, Contains Gluten, Contains Dairy, Contains Soy, Contains Wheat, Contains Eggs, ",$7.50
Fish and Chips ,620,475,52.7,139,43.1,,5.5,27,0.5,2,0.1,,1.9,1,43.1,,17,,1265.6,55,"Contains Soy, Contains Wheat, Contains Fish, Contains Gluten, Sustainability, Contains Soy, Contains Wheat, Contains Fish, Sustainability, ",$7.00
Grilled Fish Sandwich ,306,185,20.5,54,5.6,,1.4,7,1.7,6,0,,3.1,2,91.9,,24.5,,405,18,"Contains Dairy, Contains Soy, Contains Wheat, Contains Fish, Contains Gluten, Sustainability, Contains Dairy, Contains Soy, Contains Wheat, Contains Fish, Sustainability, ",$8.50
Mediterranean Burger ,518,160,17.7,47,52.6,,8,40,1.3,4,0,,11.1,9,136.7,,38.5,,955.6,42,"Contains Dairy, Contains Wheat, Contains Eggs, Contains Gluten, Contains Dairy, Contains Wheat, Contains Eggs, ",$9.00
Three Cheese Grilled Cheese ,761,415,46,121,40.1,,17.3,87,0.1,0,0,,5,4,85.8,,25.7,,1437,62,"Vegetarian, Contains Dairy, Contains Soy, Contains Wheat, Contains Eggs, Contains Gluten, Vegetarian, Contains Dairy, Contains Soy, Contains Wheat, Contains Eggs, ",$6.00
Chicken Tenders ,640,403,44.7,118,32.2,,6.2,31,2,7,2.1,,2,2,55.4,,28.2,,1057.2,46,"Contains Wheat, Contains Gluten, Contains Wheat, ",$6.00
Curly Fries ,292,123,13.6,36,36.5,,2.4,12,4.1,14,0,,2,2,0,,4.1,,595.4,26,"Vegan, Contains Soy, Contains Wheat, Contains Gluten, Sustainability, Vegan, Contains Soy, Contains Wheat, Sustainability, ",$3.00
French Fries ,322,150,16.7,44,36.9,,2.5,13,0,0,0,,1.8,1,0,,3.7,,663.4,29,"Vegan, Contains Soy, Sustainability, Vegan, Contains Soy, Sustainability, ",$3.00
Serrano Pesto Grilled Vegetables ,101,76,8.4,22,6.3,,0.9,5,2.4,8,0,,2.1,2,1.7,,2.8,,544.3,24,"Vegetarian, Contains Dairy, Sustainability, Vegetarian, Contains Dairy, Sustainability, ",$3.00
AGUA FRESCA LEMONADE ,158,0,0,0,36.8,,0,0,0,0,0,,36.8,28,0,,0,,541.7,24,"Vegan, Vegan, ",$3.00
Barley Tabbouleh Salad ,404,227,25.1,66,44.6,,2,10,7.3,24,0,,2.1,2,0,,4.4,,40.6,2,"Vegan, Wellness, Contains Gluten, Sustainability, Vegan, Wellness, Sustainability, ",$7.00
Chicken Pecan Salad ,589,472,52.3,138,17.3,,5.6,28,4.7,16,0,,7.9,6,42.2,,16.8,,734.3,32,"Wellness, Contains TreeNuts, Wellness, Contains TreeNuts, ",$9.50
Garden Quinoa Salad ,161,97,10.7,28,102.7,,1.6,8,2,7,0,,2.5,2,0,,1.8,,270,12,"Vegetarian, Contains Soy, Sustainability, Vegetarian, Contains Soy, Sustainability, ",$7.00
Bleu Cheese ,101,73,8.1,21,1,,5.1,25,0,0,,,0,0,25.3,,6.1,,384.8,17,"Vegetarian, Contains Dairy, Sustainability, Vegetarian, Contains Dairy, Sustainability, ",
Cheddar Jack Cheese ,56,41,4.6,12,0.5,,3,15,0,0,0,,0,0,12.7,,3.5,,91.1,4,"Vegetarian, Contains Dairy, Sustainability, Vegetarian, Contains Dairy, Sustainability, ",
Cherry Tomato ,6,1,0.1,0,1.2,,0,0,0.4,1,0,,0.8,1,0,,0.3,,1.6,0,"Vegan, Wellness, Sustainability, Vegan, Wellness, Sustainability, ",
Cooked Barley ,42,1,0.2,0,9.6,,0,0,1.3,4,0,,0.1,0,0,,0.8,,114.4,5,"Vegan, Wellness, Contains Gluten, Sustainability, Vegan, Wellness, Sustainability, ",
Cooked Red Quinoa ,33,5,0.5,1,6,,0.1,0,0.6,2,0,,0,0,0,,1.1,,43.9,2,"Vegan, Wellness, Sustainability, Vegan, Wellness, Sustainability, ",
Edamame ,33,11,1.2,3,2.3,,0,0,1.3,4,0,,1,1,0,,3.3,,1.7,0,"Vegan, Wellness, Contains Soy, Sustainability, Vegan, Wellness, Contains Soy, Sustainability, ",
Feta Cheese ,75,54,6,16,1.2,,4.2,21,0,0,,,1.2,1,25.2,,4,,316.4,14,"Vegetarian, Contains Dairy, Sustainability, Vegetarian, Contains Dairy, Sustainability, ",
Garbanzo Beans ,34,3,0.3,1,6.4,,0,0,1.2,4,,,,,0,,1.4,,84.8,4,"Vegan, Sustainability, Vegan, Sustainability, ",
Kale ,14,2,0.3,1,2.5,,0,0,0.6,2,0,,,,0,,1.2,,10.8,0,"Vegan, Wellness, Sustainability, Vegan, Wellness, Sustainability, ",
Mandarin Oranges ,11,0,0,0,2.8,,0,0,0.1,0,0,,2.7,2,0,,0.1,,1.1,0,"Vegan, Sustainability, Vegan, Sustainability, ",
Red Onions ,10,0,0,0,2.4,,0,0,0.4,1,0,,1.1,1,0,,0.3,,1,0,"Vegan, Sustainability, Vegan, Sustainability, ",
Roasted Broccoli ,15,7,0.8,2,1.6,,0.1,0,0.9,3,0,,0,0,0,,0.9,,78.6,3,"Vegan, Wellness, Sustainability, Vegan, Wellness, Sustainability, ",
Roasted Moroccan Cauliflower ,16,4,0.5,1,2.8,,0.1,1,1.5,5,0,,0.7,1,0,,0.8,,5.8,0,"Vegan, Wellness, Sustainability, Vegan, Wellness, Sustainability, ",
Romaine Lettuce ,5,0,0,0,1,,0,0,0.3,1,0,,0.7,1,0,,0.3,,1.7,0,"Vegan, Wellness, Sustainability, Vegan, Wellness, Sustainability, ",
Shredded Carrots ,12,1,0.1,0,2.7,,0,0,0.8,3,0,,1.3,1,0,,0.3,,19.6,1,"Vegan, Sustainability, Vegan, Sustainability, ",
Sliced Cucumbers ,4,0,0,0,1.1,,0,0,0.1,0,0,,0.5,0,0,,0.2,,0.6,0,"Vegan, Wellness, Sustainability, Vegan, Wellness, Sustainability, ",
Sliced Mushrooms ,6,1,0.1,0,0.9,,0,0,0.3,1,0,,0.6,0,0,,0.9,,1.4,0,"Vegan, Sustainability, Vegan, Sustainability, ",
Sliced Red Bell Pepper ,9,1,0.1,0,1.7,,0,0,0.6,2,0,,1.1,1,0,,0.3,,1.1,0,"Vegan, Wellness, Sustainability, Vegan, Wellness, Sustainability, ",
Spinach ,7,1,0.1,0,1,,0,0,0.6,2,0,,0.1,0,0,,0.8,,22.4,1,"Vegan, Wellness, Sustainability, Vegan, Wellness, Sustainability, ",
Spring Mix ,7,0,0,0,1,,0,0,0.3,1,0,,0,0,0,,0,,16.7,1,"Vegan, Wellness, Sustainability, Vegan, Wellness, Sustainability, ",
Cage Free Hard Boiled Egg ,58,37,4.1,11,1,,1,5,0,0,0,,0,0,184.2,,6.1,,53.2,2,"Vegetarian, Wellness, Contains Eggs, Sustainability, Vegetarian, Wellness, Contains Eggs, Sustainability, ",$1.00
Roasted Chicken ,110,58,6.5,17,0.5,,1.8,9,0.2,1,0,,0,0,36.5,,11.6,,205.9,9,"Wellness, Wellness, ",$3.00
Tofu Cubes ,100,48,5.4,14,2.4,,1.1,5,1.7,6,0,,0.5,0,0,,10.5,,5.1,0,"Vegan, Wellness, Contains Soy, Sustainability, Vegan, Wellness, Contains Soy, Sustainability, ",$2.00
Tuna Salad ,138,51,5.7,15,1.7,,0.6,3,0.2,1,0,,1.1,1,33.2,,20.3,,298.1,13,"Wellness, Contains Soy, Contains Fish, Contains Eggs, Sustainability, Wellness, Contains Soy, Contains Fish, Contains Eggs, Sustainability, ",$3.50
Dried Cranberries ,92,0,0,0,23.4,,0,0,0,0,0,,18.4,14,0,,0,,0,0,"Vegetarian, Sustainability, Vegetarian, Sustainability, ",
Homestyle Croutons ,132,47,5.2,14,18,,1.5,7,1.4,5,,,1.3,1,2,,3.1,,351,15,"Vegetarian, Contains Dairy, Contains Wheat, Contains Gluten, Sustainability, Vegetarian, Contains Dairy, Contains Wheat, Sustainability, ",
Pumpkin Seeds- Pepitas ,81,63,7,18,2.1,,1.2,6,0.9,3,0,,0.2,0,0,,4.2,,36.3,2,"Vegan, Wellness, Sustainability, Vegan, Wellness, Sustainability, ",
Sunflower Seeds ,88,73,8.1,21,2.9,,0.8,4,1.6,5,0,,,,0,,2.4,,0.4,0,"Vegan, Wellness, Sustainability, Vegan, Wellness, Sustainability, ",
Balsamic Vinaigrette ,59,36,4,10,5.9,,0,0,0,0,0,,3,2,0,,0,,103.7,5,"Vegetarian, Wellness, Contains Soy, Sustainability, Vegetarian, Wellness, Contains Soy, Sustainability, ",
Blue Cheese Dressing ,135,131,14.5,38,1.3,,2.3,12,0.1,0,0.4,,1,1,8.8,,0.4,,295.1,13,"Vegetarian, Contains Dairy, Contains Soy, Contains Eggs, Sustainability, Vegetarian, Contains Dairy, Contains Soy, Contains Eggs, Sustainability, ",
Buttermilk Ranch Dressing ,113,105,11.7,31,0.7,,1.7,9,0,0,0,,0.7,1,11.5,,0.6,,175.6,8,"Vegetarian, Contains Dairy, Contains Soy, Contains Eggs, Sustainability, Vegetarian, Contains Dairy, Contains Soy, Contains Eggs, Sustainability, ",
Caesar Dressing ,162,159,17.6,46,0.7,,2.6,13,0,0,0.4,,0.4,0,30.3,,0.7,,183.3,8,"Contains Dairy, Contains Soy, Contains Fish, Contains Eggs, Sustainability, Contains Dairy, Contains Soy, Contains Fish, Contains Eggs, Sustainability, ",
La Scala Vinaigrette ,102,92,10.2,27,91.4,,1.5,8,0,0,0,,0,0,0,,0,,193,8,"Vegetarian, Contains Soy, Sustainability, Vegetarian, Contains Soy, Sustainability, ",
Lemon Shallot Vinaigrette ,112,110,12.2,32,1.5,,0.9,4,0.2,1,0,,0.4,0,0,,0.1,,223.7,10,"Vegan, Sustainability, Vegan, Sustainability, ",
Vegan Green Goddess Dressing ,110,110,12.2,32,1.2,,0.9,5,0.5,2,0,,0.3,0,0,,0.3,,16.3,1,"Vegan, Sustainability, Vegan, Sustainability, ",
64D Rotisserie Chicken Deboned ,190,101,11.2,30,0.9,,3.1,16,0.3,1,0,,0.1,0,63.2,,20.1,,356.4,15,"Wellness, Wellness, ",$8.00
Blackened Shrimp ,104,14,1.6,4,3,,0,0,0.9,3,0,,0.2,0,153.8,,19.6,,1178,51,"Contains Shellfish, Sustainability, Contains Shellfish, Sustainability, ",$9.00
Mahi w/ Tomato Cucumber Relish ,107,70,7.8,20,1.1,,0.6,3,0.2,1,0,,0.3,0,33.1,,8.6,,173.6,8,"Contains Fish, Sustainability, Contains Fish, Sustainability, ",$10.00
Seared Ahi Tuna ,106,20,2.2,6,0.1,,0.3,1,0.1,0,0,,0,0,38.3,,20.1,,32.9,1,"Wellness, Contains Fish, Contains Sesame, Sustainability, Wellness, Contains Fish, Contains Gluten, Sustainability, ",$10.00
Seared Herbed Tofu ,191,123,13.6,36,3.2,,2.4,12,2.3,8,0,,0.7,1,0,,14.1,,11.5,0,"Vegan, Wellness, Contains Soy, Sustainability, Vegan, Wellness, Contains Soy, Sustainability, ",$8.00
RC Bowl Base ,290,24,2.6,7,56.1,,0.1,0,2.6,9,0,,2.5,2,0,,10.5,,771,34,"Contains Wheat, Contains Gluten, Sustainability, Contains Wheat, Sustainability, ",
RC Sandwich Base ,416,233,25.9,68,42.3,,1.9,10,3.8,13,0,,5.2,4,0,,10.1,,445.7,19,"Contains Soy, Contains Wheat, Contains Gluten, Sustainability, Contains Soy, Contains Wheat, Sustainability, ",
RC Taco Trio Base ,985,478,53,139,93.3,,10,50,2.1,7,0,,6,5,194.1,,38.6,,2396.8,104,"Contains Dairy, Contains Soy, Sustainability, Contains Dairy, Contains Soy, Sustainability, ",
Avocado ,47,39,4.4,11,2.4,,0.6,3,1.9,6,0,,0.1,0,0,,0.6,,2.3,0,"Vegan, Wellness, Sustainability, Vegan, Wellness, Sustainability, ",$1.50
Buttermilk Ranch Dressing ,113,105,11.7,31,0.7,,1.7,9,0,0,0,,0.7,1,11.5,,0.6,,175.6,8,"Vegetarian, Contains Dairy, Contains Soy, Contains Eggs, Sustainability, Vegetarian, Contains Dairy, Contains Soy, Contains Eggs, Sustainability, ",
Citrus Shallot Cream Sauce ,35,24,2.7,7,2.1,,1.8,9,0.2,1,0,,0.9,1,8.9,,0.2,,58.2,3,"Vegetarian, Contains Dairy, Sustainability, Vegetarian, Contains Dairy, Sustainability, ",
Honey Chipotle glaze ,62,2,0.3,1,15,,0,0,0.2,1,0,,12.9,10,0.1,,0.2,,216.9,9,"Vegetarian, Contains Soy, Contains Wheat, Contains Gluten, Contains Sesame, Sustainability, Vegetarian, Contains Soy, Contains Wheat, Contains Gluten, Sustainability, ",
Lemon Shallot Vinaigrette ,112,110,12.2,32,1.5,,0.9,4,0.2,1,0,,0.4,0,0,,0.1,,223.7,10,"Vegan, Sustainability, Vegan, Sustainability, ",
Roasted Red Pepper Sauce ,34,21,2.4,6,2.3,,1.4,7,0.8,3,0,,0.8,1,8,,0.3,,88.5,4,"Vegetarian, Contains Dairy, Sustainability, Vegetarian, Contains Dairy, Sustainability, ",
Seafood Chowder ,204,71,7.9,21,19.6,,3.6,18,1.3,4,0,,5.3,4,58.8,,13.7,,936.6,41,"Contains Dairy, Contains Wheat, Contains Fish, Contains Shellfish, Contains Gluten, Sustainability, Contains Dairy, Contains Wheat, Contains Fish, Contains Shellfish, Sustainability, ",$4.00
Chicken Potstickers (2) ,81,14,1.6,4,11.8,,0,0,0.3,1,0,,0.6,0,9.3,,5,,255.1,11,"Contains Soy, Contains Wheat, Contains Gluten, Contains Sesame, Contains Soy, Contains Wheat, Contains Gluten, ",$3.00
Vegetable Springrolls (2) ,122,34,3.8,10,14,,1.4,7,0.9,3,0,,0.9,1,0,,2.8,,233.3,10,"Vegan, Wellness, Contains Soy, Contains Wheat, Contains Gluten, Sustainability, Vegan, Wellness, Contains Soy, Contains Wheat, Sustainability, ",$2.00
Brown Rice ,126,9,1,3,26,,0.2,1,2,7,0,,0.4,0,0,,2.9,,5.7,0,"Vegan, Wellness, Sustainability, Vegan, Wellness, Sustainability, ",
Steamed Jasmine Rice ,147,3,0.3,1,31.9,,0.1,0,0.5,2,0,,0.1,0,0,,3.1,,1.1,0,"Vegan, Wellness, Sustainability, Vegan, Wellness, Sustainability, ",
Acapulco Shrimp Bowl ,388,154,17.1,45,31.5,,7.9,40,2.4,8,0,,4.5,3,148.5,,26.9,,2086.9,91,"Contains Dairy, Contains Soy, Contains Shellfish, Sustainability, Contains Dairy, Contains Soy, Contains Shellfish, Sustainability, ",$9.00
Acapulco Shrimp Burrito ,562,154,17.1,45,75.3,,5.4,27,4.1,14,0,,4.2,3,122.9,,28.9,,2162.8,94,"Contains Dairy, Contains Soy, Contains Wheat, Contains Shellfish, Contains Gluten, Sustainability, Contains Dairy, Contains Soy, Contains Wheat, Contains Shellfish, Sustainability, ",$9.00
Birria Bowl ,434,156,17.3,45,33.8,,9,45,2.9,10,0.1,,3.9,3,84.5,,33.5,,1709.8,74,"Contains Dairy, Contains Soy, Contains Wheat, Contains Gluten, Contains Dairy, Contains Soy, Contains Wheat, ",$9.00
Birria Burrito ,627,166,18.4,48,78.4,,6.6,33,5,17,0.1,,4,3,67.7,,36.9,,1990.7,87,"Contains Dairy, Contains Soy, Contains Wheat, Contains Gluten, Contains Dairy, Contains Soy, Contains Wheat, ",$9.00
Carnitas Bowl ,428,161,17.8,47,28.6,,8.9,44,1.8,6,0,,3.4,3,111.6,,36.4,,1702,74,"Contains Dairy, Contains Soy, Contains Dairy, Contains Soy, ",$8.50
Carnitas Burrito ,622,171,18.9,50,73.2,,6.5,32,3.9,13,0,,3.5,3,94.8,,39.8,,1982.9,86,"Contains Dairy, Contains Soy, Contains Wheat, Contains Gluten, Contains Dairy, Contains Soy, Contains Wheat, ",$8.50
Chicken Tinga Bowl ,431,197,21.8,57,35.2,,8.9,45,3.9,13,0,,6.8,5,61.1,,23.3,,2041.1,89,"Contains Dairy, Contains Soy, Contains Dairy, Contains Soy, ",$8.50
Chicken Tinga Burrito ,625,207,23,60,79.9,,6.5,33,6,20,0,,6.9,5,44.3,,26.7,,2322,101,"Contains Dairy, Contains Soy, Contains Wheat, Contains Gluten, Contains Dairy, Contains Soy, Contains Wheat, ",$8.50
Soyrizo Potato Bowl ,464,232,25.7,68,41.8,,8.5,43,4.6,15,0,,5.3,4,42.1,,18.1,,1984.9,86,"Vegetarian, Contains Dairy, Contains Soy, Sustainability, Vegetarian, Contains Dairy, Contains Soy, Sustainability, ",$7.50
Cilantro and Onion ,12,1,0.1,0,2.6,,0,0,0.6,2,0,,1.1,1,0,,0.4,,3.9,0,"Vegan, Sustainability, Vegan, Sustainability, ",
Cotija Cheese ,91,64,7.1,19,1,,4.6,23,0,0,0,,0,0,25.3,,7.1,,435.4,19,"Vegetarian, Contains Dairy, Sustainability, Vegetarian, Contains Dairy, Sustainability, ",
Guacamole ,36,28,3.1,8,2.3,,0.4,2,1.4,5,0,,0.6,0,0,,0.5,,24.8,1,"Vegan, Sustainability, Vegan, Sustainability, ",
Lime  Cream ,129,118,13.1,35,1,,3.3,17,0,0,0,,0.6,0,15.5,,0.6,,135.8,6,"Vegetarian, Contains Dairy, Contains Soy, Contains Eggs, Vegetarian, Contains Dairy, Contains Soy, Contains Eggs, ",
Arroz con Leche ,196,31,3.4,9,35.8,,2.1,11,1.5,5,0,,19.3,15,11.7,,5,,50.2,2,"Vegetarian, Contains Dairy, Sustainability, Vegetarian, Contains Dairy, Sustainability, ",$3.00
Flan ,315,163,18.1,48,30.6,,11.8,59,0,0,0,,28.2,22,132.2,,5.9,,89.9,4,"Vegetarian, Contains Dairy, Contains Eggs, Sustainability, Vegetarian, Contains Dairy, Contains Eggs, Sustainability, ",$3.00
Acapulco Style Shrimp Cocktail ,153,20,2.2,6,19.9,,0.1,0,1.3,4,0,,9,7,99.2,,14.2,,1773,77,"Contains Soy, Contains Shellfish, Sustainability, Contains Soy, Contains Shellfish, Sustainability, ",$6.00
Arroz Del Sol ,125,22,2.4,6,22.6,,0.2,1,1.5,5,0,,1.6,1,0,,3,,619.5,27,"Vegan, Contains Soy, Sustainability, Vegan, Contains Soy, Sustainability, ",$1.50
Fiesta Fruit Cup ,92,3,0.3,1,23.3,,0,0,4.5,15,0,,14.7,11,0,,1.4,,743.7,32,"Vegan, Sustainability, Vegan, Sustainability, ",$4.00
Refried Beans ,284,13,1.4,4,51.6,,0.2,1,0.5,2,0,,2.1,2,0,,17.2,,36.4,2,"Vegan, Wellness, Vegan, Wellness, ",$1.50
Refried Beans ,284,13,1.4,4,51.6,,0.2,1,0.5,2,0,,2.1,2,0,,17.2,,36.4,2,,
Refried Beans ,284,13,1.4,4,51.6,,0.2,1,0.5,2,0,,2.1,2,0,,17.2,,36.4,2,,
Refried Beans ,284,13,1.4,4,51.6,,0.2,1,0.5,2,0,,2.1,2,0,,17.2,,36.4,2,,
